Tag,Video ID's
Architecture,"Roman Forum 1-2; Shinto Shrines 1; Nagoya Expressways; Assisi 1-2; Burano; Civita di Bagnoregio; Heritage Architecture Toronto; Florence 1-2; University of Toronto
"
Beach,"La Dune de Bouctouche; Brackley Beach; Capri 1; Portugal 1; Portugal 7; Path of the Gods 1-3
"
Bike,Autumn Bike Ride; Kingsway Bike Ride; Appian Way; Palermo 1; Palermo 2
Bridge,Confederation Bridge; To Stanley Bridge; Pont Jacques Cartier Bridge
Buildings,Assisi 1; Assisi 2; Burano; Civita di Bagnoregio; McDougall Mill Museum; University of Toronto; UBC Vancouver; Shinto Shrines; At the Ballgame
Canals,Venice Canals 1-2
Castle,Aragonese Castle 1-2; Sant Angelo 1-2
Christmas,Winter Trail Walk; Christmas Lights; Toronto City Hall Christmas; Distillery Xmas 1-3; Eaton Centre Christmas; After a Blizzard 1-2
City,Venice Night Walk 1-3; Akihabara 1-2; Portugal 1-10; South Korea 1-7; Zurich Bike Ride 1-4; San Francisco 1-4; Seattle Pike Place; Vancouver 1-2; Campbellton; Fredericton to YCC' New Brunswick; Vieux MontrÃ©al 1-3; Nice; Paris 7-8; A Walk in Venice; Paestum; Pitigliano 1; Portugal 2; Portugal 4; Portugal 8; Portugal 9; Portugal 11
Drive,Cape Breton Highlands; Glace Bay Museums; Past Beddeck; Seal Island Bridge; Sydney to Glace Bay; Toward Truro; To Baddeck and the Bell Museum; Algonquin Drive 1-3; Bailieboro Fall Drive; Cloudy Bewdley; Collingwood 1; Gravenhurst; Grey County 1; Grey County 7; Meaford; Niagara Drive; North of Meaford; To St Catharines and a Winery; Drive into Toronto; Road to the Cottage; Malpeque > Kensington; New London > Seaview; O'Leary Drive; O'Leary from Above
Farm,Farmers Market North Bay; Grey County 6
Forrest,Sasseto Forest 1-2
Garden,Kleinburg Sculpture; Paris 3; Paris 5
Highway,"Into Sackville; Cabot Trail 1-2; Into Sackville; New Brunswick; Provincial Border near Campbellton; South toward Moncton; Canso Causeway; Hwy 30 towards Cheticamp; Into Truro; North Central TCH; NS; Toward Margaree; Whycocomagh Bay; Highway Rock Cuts; North Bay
"
Historical,Herculaneum 1-2; Lucca Wall; Matera 1-3; Pitigliano 2; Pompeii 1-2; Roman Forum 1-2; Portugal 10; Pyramids 1-2; Phoenician Steps 1-2
Island,Centre Island; Island Ferry; Ward's Island; Aegean Islands; Ponza 1-2; Procida Bike Ride 1-2; Aegean Islands
Landmark,"Tumwater Falls 1-2; Vancouver 3 - Capilano; Country Inn' Across the NS Border; Cabot Trail 1-2; Into Sackville'; La Dune de Bouctouche; St John Reversing Falls; Sphinx 1-2, Paris 4, Colosseum"
Landscape,Tumwater Falls 1-2; Vancouver 3 - Capilano; Country Inn' Across the NS Border; Cabot Trail 1-2; Into Sackville'; La Dune de Bouctouche; St John Reversing Falls ; Grey County 2; Afternoon in Niagara Falls; At the Cottage; Train to Brockville; Capri 2; Portugal 5; Middlehead Trail
Market,St Lawrence Market; Sorrento 3; Portugal 3; Granville Island
Mountain,Monte Solaro 1; Monte Solaro 2; Mt Vesuvius 1; Mt Vesuvius 2; Mt St Helens 1-2
Neighborhood ,Via Tiberio 1-2; Green Lake 1-2; UBC Vancouver; Fredericton 1-9; Arnprior; Brockville; Chinatown 1-2; Koreatown 1-2
Park,Amusement Park North Bay; Sunset Park; North Bay; Autumn in High Park 1; Autumn in High Park 2; Centreville; Roundhouse Park; 2 Montreal Parks; Mont Royal Park; Paris 1; Aqueduct Park 1; Aqueduct Park 2; Aqueduct Park 1-2; Stanley Park 1-2; Kingsbrae Garden 1-2
Street,"Graffiti Alley; Queen St West 1-3; Montreal Streets; Paris 2; Paris 6; Amalfi Drive 1-2; Amalfi Walk; Naples Via Chiaia 1- 2; Ponza 1-2; Venice Night Walk 1-3; Akihabara 1-2; Nagoya Expressways; Chicago 1, Michigan Avenue; Chicago 2; To the Art Institute; Cabot Trail 1-2; St. Andrews Drive; Through Moncton and South"
Town,"Pitigliano 1; 2; Sermoneta 1-2; Sorrento 1-3; Fredericton 1-9; York Care Centre; Perth 1-2; Charlottetown; Via Tiberio 1-2; Portofino 1-3; Atholville Lunch Stop
"
Trail,Cabot Trail 1-2; Middlehead Trail; Skyline Trail; Uisge Ban Falls Trail; Ball's Falls 1-2; Collingwood 2-3; Grey County 3-5; Black Creek Trail 1-2; Fall Colours Toronto; Martin Goodman Trail 1-3; Martin Goodman Trail 4; Martin Goodman Trail 5; Philosopher's Walk
Waterfront,Brockville Waterfront; Port Perry & Kleinburg; Autumn by the Water; Naples Waterfront 1; Naples Waterfront 2; Naples Waterfront 3; Portofino 1; Portofino 2; Portofino 3; Procida 1; Procida 2; Procida Bike Ride 1; Procida Bike Ride 2; Sant Angelo 1; Sant Angelo 2; Sorrento 2; Portugal 6
country,
continent,
region,